{app_version},{country},{created_at},{device_type},{environment},{hardware_name},{is_organic},{label},{network_type},{os_name},{platform},{random_user_id},{referral_time},{region},{store},{time_spent},{time_to_reinstall},{time_to_uninstall},{timezone}
2.3.1,ru,1719842404,phone,production,,0,,,android,unknown,4ffb687c0f07edb96cc2ad5d0fbb9013efa4814d,,,google,,,,UTC+0600
240227296,ru,1719842405,phone,production,,0,,,ios,unknown,f27d799c8b5d2427f4dc0c92b025dfed74edfdf0,,,itunes,,,,UTC+0300
2.3.1,ro,1719842405,phone,production,,0,,,android,unknown,566f42e23314a9b43a54e902bd054a13bfd8d636,,,google,,,,UTC+0300
240627199,ru,1719842407,phone,production,,0,,,ios,unknown,04b696ff3a8a5fc10a16a21486d12606f81f7fcb,,,itunes,,,,UTC+0300
240627199,ru,1719842408,phone,production,,0,,,ios,unknown,0f0b91f63070ea2c14f969789f68d5344c7a4092,,,itunes,,,,UTC+0300
240627199,ru,1719842409,phone,production,,1,,,ios,unknown,3b650d33deb7e4c67287897e9f407af3a88ac40e,,,itunes,,,,UTC+0300
2.3.1,ru,1719842411,phone,production,,0,,,android,unknown,aac10c581f59053b80c80ec384ee4e681c142783,,,google,,,,UTC+0300
240627199,tr,1719842411,phone,production,,0,,,ios,unknown,2eb22bda58da52abd8879eeb7ab1e2528c8ede32,,,itunes,,,,UTC+0300
,lv,1719842411,tablet,,,,,,android,unknown,,,,google,,,,UTC+0000
2.3.1,ru,1719842412,phone,production,,0,,,android,unknown,56e1269d2047e921289eb6aaf9044b37f86989a9,,,google,,,,UTC+0300
240627199,tr,1719842418,phone,production,,0,,,ios,unknown,2eb22bda58da52abd8879eeb7ab1e2528c8ede32,,,itunes,,,,UTC+0300
2.3.1,ru,1719842418,phone,production,,0,,,android,unknown,90995e29182ce2ee1fa94f39813b7c6b6f0835f1,,,google,,,,UTC+0300
,ru,1719842419,phone,,,,,,android,unknown,,,,google,,,,UTC+0000
,us,1719842421,phone,,,,,,android,unknown,,,,google,,,,UTC+0000
2.3.1,ru,1719842420,phone,production,,0,,,android,unknown,ebf5cc458b6e749645fd6a1443c954a4726247e1,,,google,,,,UTC+0500
240627199,ru,1719842422,phone,production,,0,,,ios,unknown,04b696ff3a8a5fc10a16a21486d12606f81f7fcb,,,itunes,,,,UTC+0300
2.3.1,ru,1719842409,phone,production,,0,,,android,unknown,6bae38a78066cbca7b78f5fa0d87c9f06ea65413,,,google,,,,UTC+0300
2.3.1,ru,1719842423,tablet,production,,0,,,android,unknown,218904bc92c8c13a79c2d280a1b1a60d93db406c,,,google,,,,UTC+0300
2.3.1,ru,1719842422,phone,production,,0,,,android,unknown,4ffb687c0f07edb96cc2ad5d0fbb9013efa4814d,,,google,,,,UTC+0600
,ru,1719842425,phone,,,,,,ios,unknown,,,,itunes,,,,UTC+0000
,co,1719842426,phone,,,,,,android,unknown,,,,google,,,,UTC+0000
240627199,ru,1719842426,phone,production,,0,,,ios,unknown,0f0b91f63070ea2c14f969789f68d5344c7a4092,,,itunes,,,,UTC+0300
,de,1719842427,tablet,,,,,,android,unknown,,,,google,,,,UTC+0000
,ru,1719842426,phone,,,,,,android,unknown,,,,google,,,,UTC+0000
2.3.1,ru,1719842426,phone,production,,0,,,android,unknown,6bae38a78066cbca7b78f5fa0d87c9f06ea65413,,,google,,,,UTC+0300
,ru,1719842429,tablet,,,,,,android,unknown,,,,google,,,,UTC+0000
240627199,ru,1719842431,phone,production,,1,,,ios,unknown,3b650d33deb7e4c67287897e9f407af3a88ac40e,,,itunes,,,,UTC+0300
,ru,1719842430,phone,,,,,,android,unknown,,,,google,,,,UTC+0000
2.3.1,pl,1719842398,phone,production,UP1A.231005.007.S928BXXU1AXCA,0,,,android,mobile_app,94d290e4580760bd8013b4b3993137345863e0b1,,pl,google,,,,UTC+0200
2.3.1,ru,1719842430,phone,production,,0,,,android,unknown,6962d07fbc2cdfc7f649ca26b20d44725bf9f194,,,google,,,,UTC+0300
2.3.1,ru,1719842433,phone,production,,0,,,android,unknown,56e1269d2047e921289eb6aaf9044b37f86989a9,,,google,,,,UTC+0300
240627199,ru,1719842437,phone,production,,0,,,ios,unknown,04b696ff3a8a5fc10a16a21486d12606f81f7fcb,,,itunes,,,,UTC+0300
2.3.1,ru,1719842436,phone,production,,0,,,android,unknown,90995e29182ce2ee1fa94f39813b7c6b6f0835f1,,,google,,,,UTC+0300
,il,1719842436,phone,,,,,,android,unknown,,,,google,,,,UTC+0000
,by,1719842438,phone,,,,,,android,unknown,,,,google,,,,UTC+0000
240627199,ru,1719842440,phone,production,,0,,,ios,unknown,0f0b91f63070ea2c14f969789f68d5344c7a4092,,,itunes,,,,UTC+0300
,es,1719842440,phone,,,,,,android,unknown,,,,google,,,,UTC+0000
,ru,1719842442,phone,,,,,,ios,unknown,,,,itunes,,,,UTC+0000
2.3.1,ru,1719842435,phone,production,,0,,,android,unknown,55a3cf3d700e2b1d4e3eae323f361f0b93cd9a5a,,,google,,,,UTC+0400
,ru,1719842439,phone,,,,,,android,unknown,,,,google,,,,UTC+0000
,pl,1719842443,phone,,,,,,android,unknown,,,,google,,,,UTC+0000
2.3.1,ru,1719842428,phone,production,,0,,,android,unknown,4ffb687c0f07edb96cc2ad5d0fbb9013efa4814d,,,google,,,,UTC+0600
2.3.1,ua,1719842412,phone,production,RP1A.200720.012.M307FNXXS4CWC1,0,,,android,mobile_app,1fa6678c5b97349377f98edfb4eea462e1ce1ae5,1719826904,ua,google,,,,UTC+0300
2.3.1,ru,1719842446,phone,production,,0,,,android,unknown,6bae38a78066cbca7b78f5fa0d87c9f06ea65413,,,google,,,,UTC+0300
2.3.1,ro,1719842414,phone,production,,0,,,android,unknown,566f42e23314a9b43a54e902bd054a13bfd8d636,,,google,,,,UTC+0300
,ro,1719842451,phone,,,,,,android,unknown,,,,google,,,,UTC+0000
2.3.1,ua,1719842452,phone,production,,0,,,android,unknown,1fa6678c5b97349377f98edfb4eea462e1ce1ae5,,,google,,,,UTC+0300
2.3.1,ua,1719842450,phone,production,,0,,,android,unknown,848d2aef57a4f2d725b49608fe8a024e698c7045,,,google,,,,UTC+0300
2.3.1,ua,1719842445,phone,production,,0,,,android,unknown,82c96ac8b6a081d729fb81796c403f7eb1244c03,,,google,,,,UTC+0300
,de,1719842446,phone,,,,,,android,unknown,,,,google,,,,UTC+0000
,de,1719842453,tablet,,,,,,android,unknown,,,,google,,,,UTC+0000
2.3.1,ru,1719842453,phone,production,,0,,,android,unknown,ebf5cc458b6e749645fd6a1443c954a4726247e1,,,google,,,,UTC+0500
240627199,ru,1719842446,phone,production,,1,,,ios,unknown,3b650d33deb7e4c67287897e9f407af3a88ac40e,,,itunes,,,,UTC+0300
2.3.0,ua,1719724026,phone,production,TP1A.220624.014.A035FXXS6CXA3,0,,,android,mobile_app,e9c16552097a6845f4a134cd8ad5f87bc465ec4e,,ru,google,,,,UTC+0300
2.3.0,ua,1719499321,phone,production,TP1A.220624.014.A035FXXS6CXA3,0,,,android,mobile_app,e9c16552097a6845f4a134cd8ad5f87bc465ec4e,,ru,google,,,,UTC+0300
2.3.0,ua,1719842406,phone,production,TP1A.220624.014.A035FXXS6CXA3,0,,,android,mobile_app,e9c16552097a6845f4a134cd8ad5f87bc465ec4e,,ru,google,,,,UTC+0300
2.3.0,ua,1719692229,phone,production,TP1A.220624.014.A035FXXS6CXA3,0,,,android,mobile_app,e9c16552097a6845f4a134cd8ad5f87bc465ec4e,,ru,google,,,,UTC+0300
,ro,1719842453,phone,,,,,,android,unknown,,,,google,,,,UTC+0000
2.3.1,ru,1719842454,tablet,production,,0,,,android,unknown,218904bc92c8c13a79c2d280a1b1a60d93db406c,,,google,,,,UTC+0300
,ru,1719842453,phone,,,,,,android,unknown,,,,google,,,,UTC+0000
,ru,1719842455,phone,,,,,,android,unknown,,,,google,,,,UTC+0000
2.3.0,ua,1719733931,phone,production,TP1A.220624.014.A035FXXS6CXA3,0,,,android,mobile_app,e9c16552097a6845f4a134cd8ad5f87bc465ec4e,,ru,google,,,,UTC+0300
2.3.1,ru,1719842448,phone,production,,0,,,android,unknown,6962d07fbc2cdfc7f649ca26b20d44725bf9f194,,,google,,,,UTC+0300
,de,1719842447,tablet,,,,,,android,unknown,,,,google,,,,UTC+0000
2.3.0,ua,1719490963,phone,production,TP1A.220624.014.A035FXXS6CXA3,0,,,android,mobile_app,e9c16552097a6845f4a134cd8ad5f87bc465ec4e,,ru,google,,,,UTC+0300
2.3.0,ua,1719840343,phone,production,TP1A.220624.014.A035FXXS6CXA3,0,,,android,mobile_app,e9c16552097a6845f4a134cd8ad5f87bc465ec4e,,ru,google,,,,UTC+0300
240627199,tr,1719842462,phone,production,,0,,,ios,unknown,2eb22bda58da52abd8879eeb7ab1e2528c8ede32,,,itunes,,,,UTC+0300
,ua,1719842462,phone,,,,,,android,unknown,,,,google,,,,UTC+0000
2.3.1,ru,1719842428,phone,production,,0,,,android,unknown,aac10c581f59053b80c80ec384ee4e681c142783,,,google,,,,UTC+0300
240627199,ru,1719842463,phone,production,,1,,,ios,unknown,3b650d33deb7e4c67287897e9f407af3a88ac40e,,,itunes,,,,UTC+0300
,ru,1719842465,mac,,,,,,macos,unknown,,,,google,,,,UTC+0000
2.3.1,ro,1719842467,phone,production,,0,,,android,unknown,566f42e23314a9b43a54e902bd054a13bfd8d636,,,google,,,,UTC+0300
2.3.1,ru,1719842444,phone,production,,0,,,android,unknown,aac10c581f59053b80c80ec384ee4e681c142783,,,google,,,,UTC+0300
,ru,1719842468,phone,,,,,,android,unknown,,,,google,,,,UTC+0000
,ru,1719842466,phone,,,,,,android,unknown,,,,google,,,,UTC+0000
,by,1719842465,phone,,,,,,android,unknown,,,,google,,,,UTC+0000
,ru,1719842460,phone,,,,,,android,unknown,,,,google,,,,UTC+0000
2.3.1,ru,1719842469,phone,production,,0,,,android,unknown,16d2a8aab2b04d18859fb6962755f48fc672f950,,,google,,,,UTC+0300
2.3.1,ua,1719841953,phone,production,,0,,,android,unknown,cc401e3d96836edbb59bd5e3490719405c4a89de,,,google,,,,UTC+0300
,ca,1719842468,tablet,,,,,,ios,unknown,,,,itunes,,,,UTC+0000
,ru,1719842473,phone,,,,,,android,unknown,,,,google,,,,UTC+0000
2.3.1,ru,1719842462,phone,production,,0,,,android,unknown,55a3cf3d700e2b1d4e3eae323f361f0b93cd9a5a,,,google,,,,UTC+0400
2.3.1,ru,1719842458,phone,production,,0,,,android,unknown,6962d07fbc2cdfc7f649ca26b20d44725bf9f194,,,google,,,,UTC+0300
2.3.1,ua,1719842477,phone,production,,0,,,android,unknown,848d2aef57a4f2d725b49608fe8a024e698c7045,,,google,,,,UTC+0300
,il,1719842470,phone,,,,,,android,unknown,,,,google,,,,UTC+0000
,ua,1719842482,phone,,,,,,android,unknown,,,,google,,,,UTC+0000
240627199,ru,1719842482,phone,production,,1,,,ios,unknown,3b650d33deb7e4c67287897e9f407af3a88ac40e,,,itunes,,,,UTC+0300
240627199,ru,1719842467,phone,production,,0,,,ios,unknown,04b696ff3a8a5fc10a16a21486d12606f81f7fcb,,,itunes,,,,UTC+0300
,ua,1719842482,phone,,,,,,android,unknown,,,,google,,,,UTC+0000
2.3.1,ru,1719842468,phone,production,,0,,,android,unknown,90995e29182ce2ee1fa94f39813b7c6b6f0835f1,,,google,,,,UTC+0300
2.3.1,ua,1719842480,phone,production,,0,,,android,unknown,cc401e3d96836edbb59bd5e3490719405c4a89de,,,google,,,,UTC+0300
240627199,ru,1719842484,phone,production,,0,,,ios,unknown,04b696ff3a8a5fc10a16a21486d12606f81f7fcb,,,itunes,,,,UTC+0300
,de,1719842482,phone,,,,,,android,unknown,,,,google,,,,UTC+0000
,ru,1719842472,phone,,,,,,android,unknown,,,,google,,,,UTC+0000
,br,1719842475,phone,,,,,,android,unknown,,,,google,,,,UTC+0000
,es,1719842488,phone,,,,,,android,unknown,,,,google,,,,UTC+0000
240627199,tr,1719842477,phone,production,,0,,,ios,unknown,2eb22bda58da52abd8879eeb7ab1e2528c8ede32,,,itunes,,,,UTC+0300
2.3.1,ro,1719842474,phone,production,,0,,,android,unknown,566f42e23314a9b43a54e902bd054a13bfd8d636,,,google,,,,UTC+0300
,ru,1719842474,phone,,,,,,android,unknown,,,,google,,,,UTC+0000
,ru,1719842485,phone,,,,,,android,unknown,,,,google,,,,UTC+0000
2.3.1,ru,1719842486,phone,production,,0,,,android,unknown,6bae38a78066cbca7b78f5fa0d87c9f06ea65413,,,google,,,,UTC+0300
2.3.1,ua,1719842492,phone,production,,0,,,android,unknown,848d2aef57a4f2d725b49608fe8a024e698c7045,,,google,,,,UTC+0300
240627199,tr,1719842493,phone,production,,0,,,ios,unknown,2eb22bda58da52abd8879eeb7ab1e2528c8ede32,,,itunes,,,,UTC+0300
2.3.1,ua,1719842495,phone,production,,0,,,android,unknown,cc401e3d96836edbb59bd5e3490719405c4a89de,,,google,,,,UTC+0300
,ru,1719842481,phone,,,,,,ios,unknown,,,,itunes,,,,UTC+0000
2.3.1,ua,1719842498,phone,production,,0,,,android,unknown,82c96ac8b6a081d729fb81796c403f7eb1244c03,,,google,,,,UTC+0300
2.3.1,ru,1719842496,phone,production,,0,,,android,unknown,55a3cf3d700e2b1d4e3eae323f361f0b93cd9a5a,,,google,,,,UTC+0400
,ru,1719842492,phone,,,,,,android,unknown,,,,google,,,,UTC+0000
,ru,1719842480,phone,,,,,,ios,unknown,,,,itunes,,,,UTC+0000
2.3.1,ru,1719842468,phone,production,TKQ1.221114.001 test-keys,0,,,android,mobile_app,8915408e8462e41fa05e70f22809de56973cee5e,1719842199,ru,google,,,,UTC+0300
,br,1719842500,phone,,,,,,android,unknown,,,,google,,,,UTC+0000
,us,1719842482,phone,,,,,,android,unknown,,,,google,,,,UTC+0000
,ru,1719842501,phone,,,,,,android,unknown,,,,google,,,,UTC+0000
,ru,1719842495,phone,,,,,,android,unknown,,,,google,,,,UTC+0000
2.3.1,ru,1719842455,phone,production,UP1A.231005.007.S926BXXS2AXED,0,,,android,mobile_app,16d2a8aab2b04d18859fb6962755f48fc672f950,1719842102,ru,google,,,,UTC+0300
,cz,1719842497,phone,,,,,,android,unknown,,,,google,,,,UTC+0000
240627199,ua,1719842487,phone,production,,1,,,ios,unknown,3a78c5b6784618c3a59c1ab429b46864adc95887,,,itunes,,,,UTC+0300
2.3.1,ru,1719842488,phone,production,,0,,,android,unknown,4ffb687c0f07edb96cc2ad5d0fbb9013efa4814d,,,google,,,,UTC+0600
2.3.0,ua,1719842509,phone,production,,0,,,android,unknown,e9c16552097a6845f4a134cd8ad5f87bc465ec4e,,,google,,,,UTC+0300
2.3.1,ru,1719842509,phone,production,,0,,,android,unknown,90995e29182ce2ee1fa94f39813b7c6b6f0835f1,,,google,,,,UTC+0300
2.3.1,ro,1719842496,phone,production,,0,,,android,unknown,566f42e23314a9b43a54e902bd054a13bfd8d636,,,google,,,,UTC+0300
,de,1719842507,phone,,,,,,android,unknown,,,,google,,,,UTC+0000
,il,1719842509,phone,,,,,,android,unknown,,,,google,,,,UTC+0000
2.3.1,ru,1719842470,tablet,production,,0,,,android,unknown,218904bc92c8c13a79c2d280a1b1a60d93db406c,,,google,,,,UTC+0300
,ru,1719842511,phone,,,,,,android,unknown,,,,google,,,,UTC+0000
240627199,tr,1719842511,phone,production,,0,,,ios,unknown,2eb22bda58da52abd8879eeb7ab1e2528c8ede32,,,itunes,,,,UTC+0300
2.3.1,ua,1719842507,phone,production,,0,,,android,unknown,848d2aef57a4f2d725b49608fe8a024e698c7045,,,google,,,,UTC+0300
,ua,1719842489,phone,,,,,,android,unknown,,,,google,,,,UTC+0000
,ru,1719842514,phone,,,,,,android,unknown,,,,google,,,,UTC+0000
2.3.1,ro,1719842512,phone,production,,0,,,android,unknown,566f42e23314a9b43a54e902bd054a13bfd8d636,,,google,,,,UTC+0300
,ru,1719842512,phone,,,,,,android,unknown,,,,google,,,,UTC+0000
240627199,ru,1719842515,phone,production,,0,,,ios,unknown,04b696ff3a8a5fc10a16a21486d12606f81f7fcb,,,itunes,,,,UTC+0300
2.3.1,ru,1719842514,phone,production,,0,,,android,unknown,16d2a8aab2b04d18859fb6962755f48fc672f950,,,google,,,,UTC+0300
,ru,1719842515,phone,,,,,,android,unknown,,,,google,,,,UTC+0000
240627199,ru,1719842497,phone,production,,1,,,ios,unknown,3b650d33deb7e4c67287897e9f407af3a88ac40e,,,itunes,,,,UTC+0300
2.3.1,ru,1719842493,phone,production,,0,,,android,unknown,16d2a8aab2b04d18859fb6962755f48fc672f950,,,google,,,,UTC+0300
,ru,1719842515,phone,,,,,,android,unknown,,,,google,,,,UTC+0000
240627199,ru,1719842500,phone,production,,0,,,ios,unknown,04b696ff3a8a5fc10a16a21486d12606f81f7fcb,,,itunes,,,,UTC+0300
2.3.1,ru,1719842522,tablet,production,,0,,,android,unknown,218904bc92c8c13a79c2d280a1b1a60d93db406c,,,google,,,,UTC+0300
2.3.1,ru,1719842494,phone,production,UP1A.231005.007.A525FXXS6EXB6,0,,,android,mobile_app,6962d07fbc2cdfc7f649ca26b20d44725bf9f194,,ru,google,138,,,UTC+0300
,ru,1719842519,tablet,,,,,,android,unknown,,,,google,,,,UTC+0000
240627199,tr,1719842524,phone,production,,0,,,ios,unknown,2eb22bda58da52abd8879eeb7ab1e2528c8ede32,,,itunes,,,,UTC+0300
2.3.1,ua,1719842526,phone,production,,0,,,android,unknown,cc401e3d96836edbb59bd5e3490719405c4a89de,,,google,,,,UTC+0300
2.3.1,ru,1719842515,phone,production,,0,,,android,unknown,55a3cf3d700e2b1d4e3eae323f361f0b93cd9a5a,,,google,,,,UTC+0400
,ru,1719842507,phone,,,,,,android,unknown,,,,google,,,,UTC+0000
2.3.1,ru,1719842514,phone,production,,0,,,android,unknown,ebf5cc458b6e749645fd6a1443c954a4726247e1,,,google,,,,UTC+0500
2.3.1,ua,1719842524,phone,production,,0,,,android,unknown,7060cf2ee9c6fe8b7b04a15c3e5d49f1c02ab11b,,,google,,,,UTC+0300
2.3.1,ro,1719842494,phone,production,,0,,,android,unknown,566f42e23314a9b43a54e902bd054a13bfd8d636,,,google,,,,UTC+0300
240627199,ru,1719842517,phone,production,,1,,,ios,unknown,3b650d33deb7e4c67287897e9f407af3a88ac40e,,,itunes,,,,UTC+0300
2.3.1,ru,1719842503,phone,production,,0,,,android,unknown,6962d07fbc2cdfc7f649ca26b20d44725bf9f194,,,google,,,,UTC+0300
240627199,ru,1719842533,phone,production,,1,,,ios,unknown,3b650d33deb7e4c67287897e9f407af3a88ac40e,,,itunes,,,,UTC+0300
2.3.1,ua,1719842511,phone,production,,0,,,android,unknown,cc401e3d96836edbb59bd5e3490719405c4a89de,,,google,,,,UTC+0300
,es,1719842533,tablet,,,,,,android,unknown,,,,google,,,,UTC+0000
2.3.1,ru,1719842534,phone,production,,0,,,android,unknown,55a3cf3d700e2b1d4e3eae323f361f0b93cd9a5a,,,google,,,,UTC+0400
2.3.1,ru,1719842528,phone,production,,0,,,android,unknown,6bae38a78066cbca7b78f5fa0d87c9f06ea65413,,,google,,,,UTC+0300
240627199,ru,1719842530,phone,production,,0,,,ios,unknown,04b696ff3a8a5fc10a16a21486d12606f81f7fcb,,,itunes,,,,UTC+0300
2.3.1,ua,1719842538,phone,production,,0,,,android,unknown,848d2aef57a4f2d725b49608fe8a024e698c7045,,,google,,,,UTC+0300
2.3.1,ua,1719842523,phone,production,,0,,,android,unknown,848d2aef57a4f2d725b49608fe8a024e698c7045,,,google,,,,UTC+0300
240627199,tr,1719842539,phone,production,,0,,,ios,unknown,2eb22bda58da52abd8879eeb7ab1e2528c8ede32,,,itunes,,,,UTC+0300
240627199,ru,1719842538,phone,production,,1,,,ios,unknown,3b650d33deb7e4c67287897e9f407af3a88ac40e,,,itunes,,,,UTC+0300
,ru,1719842540,phone,,,,,,android,unknown,,,,google,,,,UTC+0000
2.3.1,us,1719842513,tablet,production,UP1A.231005.007.X200XXS3DXD5,0,,,android,mobile_app,49d6dab6a9955e13e78cda2ab2c2cc6fa56a4749,,us,google,,,,UTC-0400
,ru,1719842543,phone,,,,,,android,unknown,,,,google,,,,UTC+0000
2.3.1,ro,1719842528,phone,production,,0,,,android,unknown,566f42e23314a9b43a54e902bd054a13bfd8d636,,,google,,,,UTC+0300
,th,1719842537,phone,,,,,,android,unknown,,,,google,,,,UTC+0000
2.3.1,ru,1719842512,phone,production,,0,,,android,unknown,aac10c581f59053b80c80ec384ee4e681c142783,,,google,,,,UTC+0300
240627199,ru,1719842545,phone,production,,0,,,ios,unknown,04b696ff3a8a5fc10a16a21486d12606f81f7fcb,,,itunes,,,,UTC+0300
2.3.1,ro,1719842542,phone,production,,0,,,android,unknown,566f42e23314a9b43a54e902bd054a13bfd8d636,,,google,,,,UTC+0300
2.3.1,ua,1719842508,phone,production,,0,,,android,unknown,848d2aef57a4f2d725b49608fe8a024e698c7045,,,google,,,,UTC+0300
,ua,1719842546,phone,,,,,,android,unknown,,,,google,,,,UTC+0000
2.3.1,ru,1719842544,phone,production,,0,,,android,unknown,aac10c581f59053b80c80ec384ee4e681c142783,,,google,,,,UTC+0300
2.3.1,ru,1719842521,phone,production,,0,,,android,unknown,8915408e8462e41fa05e70f22809de56973cee5e,,,google,,,,UTC+0300
,ua,1719842555,phone,,,,,,android,unknown,,,,google,,,,UTC+0000
,by,1719842547,phone,,,,,,android,unknown,,,,google,,,,UTC+0000
2.3.1,ru,1719842550,phone,production,,0,,,android,unknown,ebf5cc458b6e749645fd6a1443c954a4726247e1,,,google,,,,UTC+0500
2.3.1,ua,1719842554,phone,production,,0,,,android,unknown,848d2aef57a4f2d725b49608fe8a024e698c7045,,,google,,,,UTC+0300
2.3.1,by,1719840514,phone,production,,0,,,android,unknown,abe59187a11648ddf5881d3755d2a41141f971da,,,google,,,,UTC+0300
240627199,tr,1719842557,phone,production,,0,,,ios,unknown,2eb22bda58da52abd8879eeb7ab1e2528c8ede32,,,itunes,,,,UTC+0300
2.3.1,de,1719842553,phone,production,,0,,,android,unknown,031898fffe0cd0c78d530e9b0fab60615cb6abb9,,,google,,,,UTC+0200
,kr,1719842557,phone,,,,,,android,unknown,,,,google,,,,UTC+0000
2.3.1,ru,1719842519,phone,production,,0,,,android,unknown,8915408e8462e41fa05e70f22809de56973cee5e,,,google,,,,UTC+0300
2.3.1,ru,1719842558,phone,production,,0,,,android,unknown,6bae38a78066cbca7b78f5fa0d87c9f06ea65413,,,google,,,,UTC+0300
240627199,ru,1719842560,phone,production,,0,,,ios,unknown,04b696ff3a8a5fc10a16a21486d12606f81f7fcb,,,itunes,,,,UTC+0300
2.3.1,ru,1719842500,phone,production,,0,,,android,unknown,4ffb687c0f07edb96cc2ad5d0fbb9013efa4814d,,,google,,,,UTC+0600
,ru,1719842537,phone,,,,,,android,unknown,,,,google,,,,UTC+0000
2.3.1,ua,1719842569,phone,production,,0,,,android,unknown,848d2aef57a4f2d725b49608fe8a024e698c7045,,,google,,,,UTC+0300
,es,1719842551,tablet,,,,,,android,unknown,,,,google,,,,UTC+0000
2.3.1,ru,1719842554,phone,production,,0,,,android,unknown,6962d07fbc2cdfc7f649ca26b20d44725bf9f194,,,google,,,,UTC+0300
2.3.1,ru,1719842574,phone,production,,0,,,android,unknown,8915408e8462e41fa05e70f22809de56973cee5e,,,google,,,,UTC+0300
2.3.1,ua,1719842563,phone,production,,0,,,android,unknown,7060cf2ee9c6fe8b7b04a15c3e5d49f1c02ab11b,,,google,,,,UTC+0300
,ua,1719842543,phone,,,,,,android,unknown,,,,google,,,,UTC+0000
2.3.1,ua,1719842572,phone,production,,0,,,android,unknown,cc401e3d96836edbb59bd5e3490719405c4a89de,,,google,,,,UTC+0300
2.3.1,ru,1719842577,phone,production,,0,,,android,unknown,aac10c581f59053b80c80ec384ee4e681c142783,,,google,,,,UTC+0300
,us,1719842559,phone,,,,,,android,unknown,,,,google,,,,UTC+0000
240627199,ru,1719842575,phone,production,,0,,,ios,unknown,04b696ff3a8a5fc10a16a21486d12606f81f7fcb,,,itunes,,,,UTC+0300
,ru,1719842568,phone,,,,,,android,unknown,,,,google,,,,UTC+0000
,ru,1719842546,phone,,,,,,android,unknown,,,,google,,,,UTC+0000
240627199,ru,1719842575,phone,production,,1,,,ios,unknown,3b650d33deb7e4c67287897e9f407af3a88ac40e,,,itunes,,,,UTC+0300
,ru,1719842549,tablet,,,,,,ios,unknown,,,,itunes,,,,UTC+0000
2.3.1,ru,1719842549,phone,production,,0,,,android,unknown,16d2a8aab2b04d18859fb6962755f48fc672f950,,,google,,,,UTC+0300
240627199,tr,1719842583,unknown,production,,0,,,ios,unknown,2eb22bda58da52abd8879eeb7ab1e2528c8ede32,,,unknown,,,,UTC+0300
240627199,ru,1719842545,unknown,production,,0,,,ios,mobile_app,6206fa6dca13fe731b39c41a0a474538142c7a5c,,,unknown,,,,UTC+0300
2.3.1,by,1719842576,unknown,production,,0,,,android,unknown,abe59187a11648ddf5881d3755d2a41141f971da,,,unknown,,,,UTC+0300
2.3.1,ru,1719842496,unknown,production,,0,,,android,unknown,6962d07fbc2cdfc7f649ca26b20d44725bf9f194,,,unknown,,,,UTC+0300
2.3.1,ua,1719842584,unknown,production,,0,,,android,unknown,848d2aef57a4f2d725b49608fe8a024e698c7045,,,unknown,,,,UTC+0300
2.3.1,ru,1719842553,unknown,production,,0,,,android,unknown,218904bc92c8c13a79c2d280a1b1a60d93db406c,,,unknown,,,,UTC+0300
,ru,1719842585,unknown,,,,,,android,unknown,,,,unknown,,,,UTC+0000
2.3.1,ua,1719842587,unknown,production,,0,,,android,unknown,cc401e3d96836edbb59bd5e3490719405c4a89de,,,unknown,,,,UTC+0300
2.3.1,ru,1719842586,unknown,production,,0,,,android,unknown,4ffb687c0f07edb96cc2ad5d0fbb9013efa4814d,,,unknown,,,,UTC+0600
240627199,tr,1719842554,unknown,production,,0,,,ios,unknown,2eb22bda58da52abd8879eeb7ab1e2528c8ede32,,,unknown,,,,UTC+0300
,be,1719842580,unknown,,,,,,android,unknown,,,,unknown,,,,UTC+0000
,by,1719842584,unknown,,,,,,android,unknown,,,,unknown,,,,UTC+0000
2.3.1,ua,1719842556,unknown,production,,0,,,android,unknown,cc401e3d96836edbb59bd5e3490719405c4a89de,,,unknown,,,,UTC+0300
2.3.1,ru,1719842581,unknown,production,,0,,,android,unknown,ebf5cc458b6e749645fd6a1443c954a4726247e1,,,unknown,,,,UTC+0500
,ru,1719842571,unknown,,,,,,ios,unknown,,,,unknown,,,,UTC+0000
,es,1719842589,unknown,,,,,,android,unknown,,,,unknown,,,,UTC+0000
,ua,1719842592,unknown,,,,,,android,unknown,,,,unknown,,,,UTC+0000
2.3.1,ru,1719842583,unknown,production,,0,,,android,unknown,218904bc92c8c13a79c2d280a1b1a60d93db406c,,,unknown,,,,UTC+0300
,ua,1719842583,unknown,,,,,,android,unknown,,,,unknown,,,,UTC+0000
,ru,1719842586,unknown,,,,,,ios,unknown,,,,unknown,,,,UTC+0000
2.3.1,by,1719842557,unknown,production,,0,,,android,mobile_app,abe59187a11648ddf5881d3755d2a41141f971da,,ru,unknown,,,,UTC+0300
2.3.1,ru,1719842573,unknown,production,,0,,,android,unknown,6962d07fbc2cdfc7f649ca26b20d44725bf9f194,,,unknown,,,,UTC+0300
,,1719842591,unknown,,,,,,unknown,unknown,,,,unknown,,,,UTC+0000
,ru,1719842561,unknown,,,,,,android,unknown,,,,unknown,,,,UTC+0000
,,1719842591,unknown,,,,,,unknown,unknown,,,,unknown,,,,UTC+0000
240627199,ru,1719842591,unknown,production,,0,,,ios,unknown,6206fa6dca13fe731b39c41a0a474538142c7a5c,,,unknown,,,,UTC+0300
,ru,1719842590,unknown,,,,,,android,unknown,,,,unknown,,,,UTC+0000
240627199,ua,1719842557,unknown,production,,0,,,ios,mobile_app,b8a31398dbde2e757c6277c5c152954a4183cec6,,us,unknown,,,,UTC+0300
2.3.1,by,1719842592,unknown,production,,0,,,android,unknown,abe59187a11648ddf5881d3755d2a41141f971da,,,unknown,,,,UTC+0300
2.3.1,ua,1719842541,unknown,production,,0,,,android,unknown,cc401e3d96836edbb59bd5e3490719405c4a89de,,,unknown,,,,UTC+0300
2.3.1,ru,1719842592,unknown,production,,0,,,android,unknown,16d2a8aab2b04d18859fb6962755f48fc672f950,,,unknown,,,,UTC+0300
,ru,1719842594,unknown,,,,,,android,unknown,,,,unknown,,,,UTC+0000
2.3.1,ru,1719842582,unknown,production,,0,,,android,unknown,6bae38a78066cbca7b78f5fa0d87c9f06ea65413,,,unknown,,,,UTC+0300
,ru,1719842594,unknown,,,,,,android,unknown,,,,unknown,,,,UTC+0000
,ru,1719842586,unknown,,,,,,android,unknown,,,,unknown,,,,UTC+0000
,ru,1719842592,unknown,,,,,,android,unknown,,,,unknown,,,,UTC+0000
,ua,1719842604,unknown,,,,,,android,unknown,,,,unknown,,,,UTC+0000
,ru,1719842606,unknown,,,,,,android,unknown,,,,unknown,,,,UTC+0000
,ru,1719842567,unknown,,,,,,ios,unknown,,,,unknown,,,,UTC+0000
2.3.1,ru,1719842533,unknown,production,,0,,,android,unknown,16d2a8aab2b04d18859fb6962755f48fc672f950,,,unknown,,,,UTC+0300
2.3.1,ua,1719842585,unknown,production,,0,,,android,unknown,df6d913207233ae805801569df86d7879017185b,,,unknown,,,,UTC+0300
,ua,1719842601,unknown,,,,,,android,unknown,,,,unknown,,,,UTC+0000
,es,1719842606,unknown,,,,,,android,unknown,,,,unknown,,,,UTC+0000
2.3.1,ru,1719842601,unknown,production,,0,,,android,unknown,6bae38a78066cbca7b78f5fa0d87c9f06ea65413,,,unknown,,,,UTC+0300
240627199,ru,1719842573,unknown,production,,0,,,ios,unknown,6206fa6dca13fe731b39c41a0a474538142c7a5c,,,unknown,,,,UTC+0300
2.3.1,ua,1719842612,unknown,production,,0,,,android,unknown,cc401e3d96836edbb59bd5e3490719405c4a89de,,,unknown,,,,UTC+0300
240627199,ru,1719842590,unknown,production,,0,,,ios,unknown,04b696ff3a8a5fc10a16a21486d12606f81f7fcb,,,unknown,,,,UTC+0300
2.3.1,ua,1719842581,unknown,production,,0,,,android,unknown,82c96ac8b6a081d729fb81796c403f7eb1244c03,,,unknown,,,,UTC+0300
,th,1719842555,unknown,,,,,,android,unknown,,,,unknown,,,,UTC+0000
240627199,tr,1719842612,unknown,production,,0,,,ios,unknown,2eb22bda58da52abd8879eeb7ab1e2528c8ede32,,,unknown,,,,UTC+0300
2.3.1,ru,1719842558,unknown,production,,0,,,android,unknown,4ffb687c0f07edb96cc2ad5d0fbb9013efa4814d,,,unknown,,,,UTC+0600
2.3.1,ru,1719842559,unknown,production,,0,,,android,unknown,16d2a8aab2b04d18859fb6962755f48fc672f950,,,unknown,,,,UTC+0300
,ru,1719842617,unknown,,,,,,android,unknown,,,,unknown,,,,UTC+0000
2.3.0,ua,1719842561,unknown,production,,0,,,android,unknown,e9c16552097a6845f4a134cd8ad5f87bc465ec4e,,,unknown,,,,UTC+0300
2.3.1,ru,1719842592,unknown,production,,0,,,android,unknown,218904bc92c8c13a79c2d280a1b1a60d93db406c,,,unknown,,,,UTC+0300
,cz,1719842611,unknown,,,,,,android,unknown,,,,unknown,,,,UTC+0000
2.3.1,ru,1719842585,unknown,production,,0,,,android,unknown,8915408e8462e41fa05e70f22809de56973cee5e,,,unknown,,,,UTC+0300
2.3.1,ru,1719842616,unknown,production,,0,,,android,unknown,16d2a8aab2b04d18859fb6962755f48fc672f950,,,unknown,,,,UTC+0300
2.3.1,ru,1719842615,unknown,production,,0,,,android,unknown,ebf5cc458b6e749645fd6a1443c954a4726247e1,,,unknown,,,,UTC+0500
2.3.1,ua,1719842626,unknown,production,,0,,,android,unknown,cc401e3d96836edbb59bd5e3490719405c4a89de,,,unknown,,,,UTC+0300
2.3.1,ru,1719842619,unknown,production,,0,,,android,unknown,6bae38a78066cbca7b78f5fa0d87c9f06ea65413,,,unknown,,,,UTC+0300
240627199,ru,1719842623,unknown,production,,0,,,ios,unknown,04b696ff3a8a5fc10a16a21486d12606f81f7fcb,,,unknown,,,,UTC+0300
2.3.1,ru,1719842587,unknown,production,,0,,,android,unknown,6962d07fbc2cdfc7f649ca26b20d44725bf9f194,,,unknown,,,,UTC+0300
240627199,ru,1719842624,unknown,production,,1,,,ios,unknown,3b650d33deb7e4c67287897e9f407af3a88ac40e,,,unknown,,,,UTC+0300
2.3.1,ru,1719842570,unknown,production,,0,,,android,unknown,55a3cf3d700e2b1d4e3eae323f361f0b93cd9a5a,,,unknown,,,,UTC+0400
240627199,ru,1719842592,unknown,production,,1,,,ios,unknown,3b650d33deb7e4c67287897e9f407af3a88ac40e,,,unknown,,,,UTC+0300
,ru,1719842621,unknown,,,,,,android,unknown,,,,unknown,,,,UTC+0000
2.3.1,ru,1719842581,unknown,production,,0,,,android,unknown,aac10c581f59053b80c80ec384ee4e681c142783,,,unknown,,,,UTC+0300
,jp,1719842621,unknown,,,,,,android,unknown,,,,unknown,,,,UTC+0000
240627199,ru,1719842605,unknown,production,,0,,,ios,unknown,04b696ff3a8a5fc10a16a21486d12606f81f7fcb,,,unknown,,,,UTC+0300
2.3.1,ru,1719842607,unknown,production,,0,,,android,unknown,16d2a8aab2b04d18859fb6962755f48fc672f950,,,unknown,,,,UTC+0300
,ua,1719842626,unknown,,,,,,android,unknown,,,,unknown,,,,UTC+0000
,ru,1719842600,unknown,,,,,,ios,unknown,,,,unknown,,,,UTC+0000
,ua,1719842573,unknown,,,,,,android,unknown,,,,unknown,,,,UTC+0000
,ua,1719842579,unknown,,,,,,android,unknown,,,,unknown,,,,UTC+0000
,ru,1719842631,unknown,,,,,,android,unknown,,,,unknown,,,,UTC+0000
2.3.1,ru,1719842565,unknown,production,,0,,,android,unknown,16d2a8aab2b04d18859fb6962755f48fc672f950,,,unknown,,,,UTC+0300
240627199,ru,1719842608,unknown,production,,1,,,ios,unknown,3b650d33deb7e4c67287897e9f407af3a88ac40e,,,unknown,,,,UTC+0300
,es,1719842590,unknown,,,,,,android,unknown,,,,unknown,,,,UTC+0000
,ru,1719842634,unknown,,,,,,android,unknown,,,,unknown,,,,UTC+0000
,ru,1719842614,unknown,,,,,,android,unknown,,,,unknown,,,,UTC+0000
2.3.1,by,1719842615,unknown,production,,0,,,android,unknown,abe59187a11648ddf5881d3755d2a41141f971da,,,unknown,,,,UTC+0300
2.3.1,ru,1719842593,unknown,production,,0,,,android,unknown,4ffb687c0f07edb96cc2ad5d0fbb9013efa4814d,,,unknown,,,,UTC+0600
,pl,1719842594,unknown,,,,,,android,unknown,,,,unknown,,,,UTC+0000
,ru,1719842595,unknown,,,,,,android,unknown,,,,unknown,,,,UTC+0000
2.3.1,ru,1719842634,unknown,production,,0,,,android,unknown,16d2a8aab2b04d18859fb6962755f48fc672f950,,,unknown,,,,UTC+0300
2.3.1,ru,1719842623,unknown,production,,0,,,android,unknown,6962d07fbc2cdfc7f649ca26b20d44725bf9f194,,,unknown,,,,UTC+0300
,kr,1719842619,unknown,,,,,,android,unknown,,,,unknown,,,,UTC+0000
,hu,1719842635,unknown,,,,,,android,unknown,,,,unknown,,,,UTC+0000
,be,1719842599,unknown,,,,,,android,unknown,,,,unknown,,,,UTC+0000
,ru,1719842636,unknown,,,,,,android,unknown,,,,unknown,,,,UTC+0000
240627199,ru,1719842636,unknown,production,,0,,,ios,unknown,6206fa6dca13fe731b39c41a0a474538142c7a5c,,,unknown,,,,UTC+0300
,,1719842636,unknown,,,,,,unknown,unknown,,,,unknown,,,,UTC+0000
,ru,1719842629,unknown,,,,,,ios,unknown,,,,unknown,,,,UTC+0000
2.3.1,ru,1719842608,unknown,production,,0,,,android,unknown,55a3cf3d700e2b1d4e3eae323f361f0b93cd9a5a,,,unknown,,,,UTC+0400
,es,1719842637,unknown,,,,,,android,unknown,,,,unknown,,,,UTC+0000
2.3.1,ru,1719842638,unknown,production,,0,,,android,unknown,aac10c581f59053b80c80ec384ee4e681c142783,,,unknown,,,,UTC+0300
2.3.1,ua,1719842586,unknown,production,,0,,,android,unknown,82c96ac8b6a081d729fb81796c403f7eb1244c03,,,unknown,,,,UTC+0300
240627199,ru,1719842639,unknown,production,,0,,,ios,unknown,04b696ff3a8a5fc10a16a21486d12606f81f7fcb,,,unknown,,,,UTC+0300
240627199,ru,1719842639,unknown,production,,1,,,ios,unknown,3b650d33deb7e4c67287897e9f407af3a88ac40e,,,unknown,,,,UTC+0300
,,1719842636,unknown,,,,,,unknown,unknown,,,,unknown,,,,UTC+0000
2.3.1,ru,1719842639,unknown,production,,0,,,android,unknown,6962d07fbc2cdfc7f649ca26b20d44725bf9f194,,,unknown,,,,UTC+0300
,ru,1719842614,unknown,,,,,,android,unknown,,,,unknown,,,,UTC+0000
,ru,1719842640,unknown,,,,,,android,unknown,,,,unknown,,,,UTC+0000
,ru,1719842640,unknown,,,,,,android,unknown,,,,unknown,,,,UTC+0000
2.3.1,ua,1719842633,unknown,production,,0,,,android,unknown,cc401e3d96836edbb59bd5e3490719405c4a89de,,,unknown,,,,UTC+0300
2.3.1,ru,1719842641,unknown,production,,0,,,android,unknown,4ffb687c0f07edb96cc2ad5d0fbb9013efa4814d,,,unknown,,,,UTC+0600
,ru,1719842641,unknown,,,,,,ios,unknown,,,,unknown,,,,UTC+0000
,ru,1719842628,unknown,,,,,,ios,unknown,,,,unknown,,,,UTC+0000
,ru,1719842643,unknown,,,,,,android,unknown,,,,unknown,,,,UTC+0000
240627199,ru,1719842644,unknown,production,,0,,,ios,unknown,04b696ff3a8a5fc10a16a21486d12606f81f7fcb,,,unknown,,,,UTC+0300
240627199,tr,1719842636,unknown,production,,0,,,ios,unknown,2eb22bda58da52abd8879eeb7ab1e2528c8ede32,,,unknown,,,,UTC+0300
2.3.1,ru,1719842645,unknown,production,,0,,,android,unknown,218904bc92c8c13a79c2d280a1b1a60d93db406c,,,unknown,,,,UTC+0300
,by,1719842640,unknown,,,,,,android,unknown,,,,unknown,,,,UTC+0000
,ua,1719842642,unknown,,,,,,android,unknown,,,,unknown,,,,UTC+0000
,ch,1719842646,unknown,,,,,,android,unknown,,,,unknown,,,,UTC+0000
2.3.0,ua,1719842647,unknown,production,,0,,,android,unknown,e9c16552097a6845f4a134cd8ad5f87bc465ec4e,,,unknown,,,,UTC+0300
2.3.1,ru,1719842646,unknown,production,,0,,,android,unknown,ebf5cc458b6e749645fd6a1443c954a4726247e1,,,unknown,,,,UTC+0500
2.3.1,ru,1719842647,unknown,production,,0,,,android,unknown,55a3cf3d700e2b1d4e3eae323f361f0b93cd9a5a,,,unknown,,,,UTC+0400
,ru,1719842649,unknown,,,,,,android,unknown,,,,unknown,,,,UTC+0000
,ro,1719842649,unknown,,,,,,android,unknown,,,,unknown,,,,UTC+0000
2.3.1,ru,1719842650,unknown,production,,0,,,android,unknown,8915408e8462e41fa05e70f22809de56973cee5e,,,unknown,,,,UTC+0300
240627199,tr,1719842651,unknown,production,,0,,,ios,unknown,2eb22bda58da52abd8879eeb7ab1e2528c8ede32,,,unknown,,,,UTC+0300
240627199,ru,1719842651,unknown,production,,1,,,ios,unknown,3b650d33deb7e4c67287897e9f407af3a88ac40e,,,unknown,,,,UTC+0300
,by,1719842651,unknown,,,,,,android,unknown,,,,unknown,,,,UTC+0000
2.3.1,ru,1719842638,unknown,production,,0,,,android,unknown,6bae38a78066cbca7b78f5fa0d87c9f06ea65413,,,unknown,,,,UTC+0300
2.3.1,ru,1719842649,unknown,production,,0,,,android,unknown,6bae38a78066cbca7b78f5fa0d87c9f06ea65413,,,unknown,,,,UTC+0300
2.3.1,ru,1719842652,unknown,production,,0,,,android,unknown,16d2a8aab2b04d18859fb6962755f48fc672f950,,,unknown,,,,UTC+0300
,il,1719842654,unknown,,,,,,android,unknown,,,,unknown,,,,UTC+0000
,ru,1719842654,unknown,,,,,,android,unknown,,,,unknown,,,,UTC+0000
,ru,1719842654,unknown,,,,,,android,unknown,,,,unknown,,,,UTC+0000
,fi,1719842654,unknown,,,,,,ios,unknown,,,,unknown,,,,UTC+0000
,ru,1719842655,unknown,,,,,,android,unknown,,,,unknown,,,,UTC+0000
,kr,1719842655,unknown,,,,,,android,unknown,,,,unknown,,,,UTC+0000
2.3.1,by,1719842625,unknown,production,,0,,,android,unknown,abe59187a11648ddf5881d3755d2a41141f971da,,,unknown,,,,UTC+0300
2.3.1,ua,1719842655,unknown,production,,0,,,android,unknown,cc401e3d96836edbb59bd5e3490719405c4a89de,,,unknown,,,,UTC+0300
,ua,1719842656,unknown,,,,,,android,unknown,,,,unknown,,,,UTC+0000
240627199,ru,1719842658,unknown,production,,1,,,ios,unknown,3b650d33deb7e4c67287897e9f407af3a88ac40e,,,unknown,,,,UTC+0300
,ru,1719842658,unknown,,,,,,ios,unknown,,,,unknown,,,,UTC+0000
,ru,1719842659,unknown,,,,,,android,unknown,,,,unknown,,,,UTC+0000
,ru,1719842660,unknown,,,,,,android,unknown,,,,unknown,,,,UTC+0000
,ru,1719842660,unknown,,,,,,android,unknown,,,,unknown,,,,UTC+0000
2.3.1,ua,1719842646,unknown,production,,0,,,android,unknown,82c96ac8b6a081d729fb81796c403f7eb1244c03,,,unknown,,,,UTC+0300
2.2.2,ru,1717146721,unknown,production,,1,,,android,unknown,98895e8c82349c67c3471e378ccd8ef5957cb1d9,,,unknown,,,,UTC+0800
,ru,1719842662,unknown,,,,,,android,unknown,,,,unknown,,,,UTC+0000
,ru,1719842662,unknown,,,,,,android,unknown,,,,unknown,,,,UTC+0000
,de,1719842663,unknown,,,,,,android,unknown,,,,unknown,,,,UTC+0000
,ru,1719842664,unknown,,,,,,android,unknown,,,,unknown,,,,UTC+0000
,il,1719842664,unknown,,,,,,android,unknown,,,,unknown,,,,UTC+0000
,ua,1719842664,unknown,,,,,,android,unknown,,,,unknown,,,,UTC+0000
240627199,ru,1719842666,unknown,production,,0,,,ios,unknown,04b696ff3a8a5fc10a16a21486d12606f81f7fcb,,,unknown,,,,UTC+0300
2.3.1,ua,1719842665,unknown,production,,0,,,android,unknown,848d2aef57a4f2d725b49608fe8a024e698c7045,,,unknown,,,,UTC+0300
2.3.1,ru,1719842654,unknown,production,,0,,,android,unknown,6962d07fbc2cdfc7f649ca26b20d44725bf9f194,,,unknown,,,,UTC+0300
240627199,tr,1719842668,unknown,production,,0,,,ios,unknown,2eb22bda58da52abd8879eeb7ab1e2528c8ede32,,,unknown,,,,UTC+0300
,ru,1719842669,unknown,,,,,,android,unknown,,,,unknown,,,,UTC+0000
,ru,1719842670,unknown,,,,,,android,unknown,,,,unknown,,,,UTC+0000
2.3.1,ua,1719842670,unknown,production,,0,,,android,unknown,cc401e3d96836edbb59bd5e3490719405c4a89de,,,unknown,,,,UTC+0300
,ru,1719842671,unknown,,,,,,android,unknown,,,,unknown,,,,UTC+0000
2.3.1,ru,1719842671,unknown,production,,0,,,android,unknown,6962d07fbc2cdfc7f649ca26b20d44725bf9f194,,,unknown,,,,UTC+0300
2.3.1,ru,1719842657,unknown,production,,0,,,android,unknown,218904bc92c8c13a79c2d280a1b1a60d93db406c,,,unknown,,,,UTC+0300
2.3.1,by,1719842670,unknown,production,,0,,,android,unknown,abe59187a11648ddf5881d3755d2a41141f971da,,,unknown,,,,UTC+0300
,ua,1719842672,unknown,,,,,,android,unknown,,,,unknown,,,,UTC+0000
,us,1719842673,unknown,,,,,,android,unknown,,,,unknown,,,,UTC+0000
,ru,1719842673,unknown,,,,,,android,unknown,,,,unknown,,,,UTC+0000
,ru,1719842674,unknown,,,,,,android,unknown,,,,unknown,,,,UTC+0000
240627199,ru,1719842677,unknown,production,,1,,,ios,unknown,3b650d33deb7e4c67287897e9f407af3a88ac40e,,,unknown,,,,UTC+0300
,,1719842677,unknown,,,,,,unknown,unknown,,,,unknown,,,,UTC+0000
,,1719842677,unknown,,,,,,unknown,unknown,,,,unknown,,,,UTC+0000
240627199,ru,1719842677,unknown,production,,0,,,ios,unknown,6206fa6dca13fe731b39c41a0a474538142c7a5c,,,unknown,,,,UTC+0300
,ru,1719842681,unknown,,,,,,android,unknown,,,,unknown,,,,UTC+0000
240627199,ru,1719842681,unknown,production,,0,,,ios,unknown,04b696ff3a8a5fc10a16a21486d12606f81f7fcb,,,unknown,,,,UTC+0300
240627199,tr,1719842683,unknown,production,,0,,,ios,unknown,2eb22bda58da52abd8879eeb7ab1e2528c8ede32,,,unknown,,,,UTC+0300
2.3.1,ua,1719842670,unknown,production,,0,,,android,unknown,df6d913207233ae805801569df86d7879017185b,,,unknown,,,,UTC+0300
2.3.1,ru,1719842684,unknown,production,,0,,,android,unknown,16d2a8aab2b04d18859fb6962755f48fc672f950,,,unknown,,,,UTC+0300
,hu,1719842684,unknown,,,,,,android,unknown,,,,unknown,,,,UTC+0000
,ru,1719842686,unknown,,,,,,android,unknown,,,,unknown,,,,UTC+0000
,ua,1719842687,unknown,,,,,,android,unknown,,,,unknown,,,,UTC+0000
,ua,1719842687,unknown,,,,,,android,unknown,,,,unknown,,,,UTC+0000
,ru,1719842686,unknown,,,,,,android,unknown,,,,unknown,,,,UTC+0000
2.3.1,ru,1719842688,unknown,production,,0,,,android,unknown,aac10c581f59053b80c80ec384ee4e681c142783,,,unknown,,,,UTC+0300
,es,1719842689,unknown,,,,,,android,unknown,,,,unknown,,,,UTC+0000
,ru,1719842689,unknown,,,,,,android,unknown,,,,unknown,,,,UTC+0000
,es,1719842689,unknown,,,,,,android,unknown,,,,unknown,,,,UTC+0000
,ru,1719842690,unknown,,,,,,android,unknown,,,,unknown,,,,UTC+0000
2.3.1,ru,1719842690,unknown,production,,0,,,android,unknown,6962d07fbc2cdfc7f649ca26b20d44725bf9f194,,,unknown,,,,UTC+0300
2.3.1,ru,1719842676,unknown,production,,0,,,android,unknown,55a3cf3d700e2b1d4e3eae323f361f0b93cd9a5a,,,unknown,,,,UTC+0400
240627199,tr,1719842693,unknown,production,,0,,,ios,unknown,2eb22bda58da52abd8879eeb7ab1e2528c8ede32,,,unknown,,,,UTC+0300
,ua,1719842694,unknown,,,,,,android,unknown,,,,unknown,,,,UTC+0000
2.3.1,ru,1719842650,unknown,production,,1,,,android,mobile_app,98895e8c82349c67c3471e378ccd8ef5957cb1d9,,ru,unknown,,,,UTC+0700
2.3.1,ru,1719842694,unknown,production,,0,,,android,unknown,4ffb687c0f07edb96cc2ad5d0fbb9013efa4814d,,,unknown,,,,UTC+0600
,ru,1719842696,unknown,,,,,,android,unknown,,,,unknown,,,,UTC+0000
2.3.1,ru,1719842696,unknown,production,,0,,,android,unknown,90995e29182ce2ee1fa94f39813b7c6b6f0835f1,,,unknown,,,,UTC+0300
240627199,ru,1719842696,unknown,production,,0,,,ios,unknown,04b696ff3a8a5fc10a16a21486d12606f81f7fcb,,,unknown,,,,UTC+0300
,ru,1719842697,unknown,,,,,,android,unknown,,,,unknown,,,,UTC+0000
,ru,1719842698,unknown,,,,,,ios,unknown,,,,unknown,,,,UTC+0000
2.3.1,by,1719842677,unknown,production,,0,,,android,unknown,abe59187a11648ddf5881d3755d2a41141f971da,,,unknown,,,,UTC+0300
240627199,ru,1719842699,unknown,production,,1,,,ios,unknown,3b650d33deb7e4c67287897e9f407af3a88ac40e,,,unknown,,,,UTC+0300
2.3.1,ru,1719842701,unknown,production,,0,,,android,unknown,16d2a8aab2b04d18859fb6962755f48fc672f950,,,unknown,,,,UTC+0300
,cz,1719842701,unknown,,,,,,android,unknown,,,,unknown,,,,UTC+0000
,ua,1719842701,unknown,,,,,,android,unknown,,,,unknown,,,,UTC+0000
,ru,1719842702,unknown,,,,,,android,unknown,,,,unknown,,,,UTC+0000
2.3.1,ru,1719842704,unknown,production,,0,,,android,unknown,8f6b2e5bdb1f771058dbfa1701e3dc6f0ab41aab,,,unknown,,,,UTC+0300
2.3.1,ru,1719842704,unknown,production,,0,,,android,unknown,218904bc92c8c13a79c2d280a1b1a60d93db406c,,,unknown,,,,UTC+0300
,ru,1719842706,unknown,,,,,,android,unknown,,,,unknown,,,,UTC+0000
2.3.1,ru,1719842707,unknown,production,,0,,,android,unknown,55a3cf3d700e2b1d4e3eae323f361f0b93cd9a5a,,,unknown,,,,UTC+0400
,ru,1719842707,unknown,,,,,,android,unknown,,,,unknown,,,,UTC+0000
,hk,1719842708,unknown,,,,,,ios,unknown,,,,unknown,,,,UTC+0000
,es,1719842710,unknown,,,,,,android,unknown,,,,unknown,,,,UTC+0000
,ru,1719842710,unknown,,,,,,android,unknown,,,,unknown,,,,UTC+0000
240627199,ru,1719842710,unknown,production,,0,,,ios,unknown,6206fa6dca13fe731b39c41a0a474538142c7a5c,,,unknown,,,,UTC+0300
,ru,1719842710,unknown,,,,,,android,unknown,,,,unknown,,,,UTC+0000
,ru,1719842710,unknown,,,,,,android,unknown,,,,unknown,,,,UTC+0000
240627199,ru,1719842711,unknown,production,,0,,,ios,unknown,04b696ff3a8a5fc10a16a21486d12606f81f7fcb,,,unknown,,,,UTC+0300
,ru,1719842712,unknown,,,,,,android,unknown,,,,unknown,,,,UTC+0000
,my,1719842712,unknown,,,,,,android,unknown,,,,unknown,,,,UTC+0000
,ru,1719842712,unknown,,,,,,android,unknown,,,,unknown,,,,UTC+0000
,es,1719842713,unknown,,,,,,android,unknown,,,,unknown,,,,UTC+0000
,es,1719842713,unknown,,,,,,android,unknown,,,,unknown,,,,UTC+0000
,ru,1719842714,unknown,,,,,,android,unknown,,,,unknown,,,,UTC+0000
,ru,1719842715,unknown,,,,,,ios,unknown,,,,unknown,,,,UTC+0000
240627199,ru,1719842715,unknown,production,,1,,,ios,unknown,3b650d33deb7e4c67287897e9f407af3a88ac40e,,,unknown,,,,UTC+0300
,ru,1719842715,unknown,,,,,,ios,unknown,,,,unknown,,,,UTC+0000
,by,1719842715,unknown,,,,,,android,unknown,,,,unknown,,,,UTC+0000
2.3.1,ru,1719842657,unknown,production,,0,,,android,unknown,8915408e8462e41fa05e70f22809de56973cee5e,,,unknown,,,,UTC+0300
,ru,1719842718,unknown,,,,,,android,unknown,,,,unknown,,,,UTC+0000
2.3.1,ru,1719842719,unknown,production,,0,,,android,unknown,8f6b2e5bdb1f771058dbfa1701e3dc6f0ab41aab,,,unknown,,,,UTC+0300
,nl,1719842719,unknown,,,,,,android,unknown,,,,unknown,,,,UTC+0000
2.3.1,ru,1719842713,unknown,production,,0,,,android,unknown,55a3cf3d700e2b1d4e3eae323f361f0b93cd9a5a,,,unknown,,,,UTC+0400
,es,1719842721,unknown,,,,,,android,unknown,,,,unknown,,,,UTC+0000
2.3.1,ru,1719842721,unknown,production,,0,,,android,unknown,aac10c581f59053b80c80ec384ee4e681c142783,,,unknown,,,,UTC+0300
2.3.1,ru,1719842723,unknown,production,,0,,,android,unknown,4ffb687c0f07edb96cc2ad5d0fbb9013efa4814d,,,unknown,,,,UTC+0600
,ru,1719842724,unknown,,,,,,android,unknown,,,,unknown,,,,UTC+0000
2.3.1,ru,1719842690,unknown,production,,0,,,android,unknown,6bae38a78066cbca7b78f5fa0d87c9f06ea65413,,,unknown,,,,UTC+0300
,by,1719842724,unknown,,,,,,android,unknown,,,,unknown,,,,UTC+0000
240627199,ru,1719842725,unknown,production,,0,,,ios,unknown,04b696ff3a8a5fc10a16a21486d12606f81f7fcb,,,unknown,,,,UTC+0300
,ru,1719842725,unknown,,,,,,android,unknown,,,,unknown,,,,UTC+0000
,bg,1719842727,unknown,,,,,,android,unknown,,,,unknown,,,,UTC+0000
,hu,1719842727,unknown,,,,,,android,unknown,,,,unknown,,,,UTC+0000
2.3.1,ua,1719840551,unknown,production,,1,,,android,unknown,6416967750f29094d064bc45a29dac77604082f8,,,unknown,,,,UTC+0300
2.3.1,ru,1719842728,unknown,production,,0,,,android,unknown,6bae38a78066cbca7b78f5fa0d87c9f06ea65413,,,unknown,,,,UTC+0300
2.3.1,ua,1719842728,unknown,production,,1,,,android,unknown,6416967750f29094d064bc45a29dac77604082f8,,,unknown,,,,UTC+0300
240627199,ru,1719842728,unknown,production,,1,,,ios,unknown,3b650d33deb7e4c67287897e9f407af3a88ac40e,,,unknown,,,,UTC+0300
2.3.1,ua,1719842728,unknown,production,,0,,,android,unknown,848d2aef57a4f2d725b49608fe8a024e698c7045,,,unknown,,,,UTC+0300
,ru,1719842729,unknown,,,,,,android,unknown,,,,unknown,,,,UTC+0000
,bg,1719842729,unknown,,,,,,android,unknown,,,,unknown,,,,UTC+0000
,es,1719842730,unknown,,,,,,android,unknown,,,,unknown,,,,UTC+0000
,ru,1719842731,unknown,,,,,,android,unknown,,,,unknown,,,,UTC+0000
2.3.1,ua,1719842732,unknown,production,,0,,,android,unknown,82c96ac8b6a081d729fb81796c403f7eb1244c03,,,unknown,,,,UTC+0300
2.3.1,ua,1719842714,unknown,production,,0,,,android,unknown,cc401e3d96836edbb59bd5e3490719405c4a89de,,,unknown,,,,UTC+0300
,ru,1719842734,unknown,,,,,,android,unknown,,,,unknown,,,,UTC+0000
2.3.1,ru,1719842734,unknown,production,,0,,,android,unknown,8f6b2e5bdb1f771058dbfa1701e3dc6f0ab41aab,,,unknown,,,,UTC+0300
2.3.1,ru,1719842709,unknown,production,,0,,,android,unknown,16d2a8aab2b04d18859fb6962755f48fc672f950,,,unknown,,,,UTC+0300
,ru,1719842736,unknown,,,,,,ios,unknown,,,,unknown,,,,UTC+0000
2.3.1,ru,1719842736,unknown,production,,0,,,android,unknown,8915408e8462e41fa05e70f22809de56973cee5e,,,unknown,,,,UTC+0300
,ru,1719842739,unknown,,,,,,android,unknown,,,,unknown,,,,UTC+0000
,cz,1719842739,unknown,,,,,,android,unknown,,,,unknown,,,,UTC+0000
240627199,ru,1719842740,unknown,production,,0,,,ios,unknown,04b696ff3a8a5fc10a16a21486d12606f81f7fcb,,,unknown,,,,UTC+0300
2.3.1,ua,1719842741,unknown,production,,0,,,android,unknown,cc401e3d96836edbb59bd5e3490719405c4a89de,,,unknown,,,,UTC+0300
,fr,1719842741,unknown,,,,,,android,unknown,,,,unknown,,,,UTC+0000
,it,1719842744,unknown,,,,,,android,unknown,,,,unknown,,,,UTC+0000
,,1719842745,unknown,,,,,,unknown,unknown,,,,unknown,,,,UTC+0000
240627199,ru,1719842745,unknown,production,,1,,,ios,unknown,3b650d33deb7e4c67287897e9f407af3a88ac40e,,,unknown,,,,UTC+0300
,,1719842745,unknown,,,,,,unknown,unknown,,,,unknown,,,,UTC+0000
240627199,ru,1719842745,unknown,production,,0,,,ios,unknown,6206fa6dca13fe731b39c41a0a474538142c7a5c,,,unknown,,,,UTC+0300
,ru,1719842746,unknown,,,,,,android,unknown,,,,unknown,,,,UTC+0000
,ro,1719842746,unknown,,,,,,android,unknown,,,,unknown,,,,UTC+0000
,se,1719842746,unknown,,,,,,ios,unknown,,,,unknown,,,,UTC+0000
2.3.1,ru,1719842699,unknown,production,,0,,,android,unknown,6962d07fbc2cdfc7f649ca26b20d44725bf9f194,,,unknown,,,,UTC+0300
,ru,1719842749,unknown,,,,,,android,unknown,,,,unknown,,,,UTC+0000
,by,1719842750,unknown,,,,,,android,unknown,,,,unknown,,,,UTC+0000
2.3.1,ru,1719842750,unknown,production,,0,,,android,unknown,4ffb687c0f07edb96cc2ad5d0fbb9013efa4814d,,,unknown,,,,UTC+0600
2.3.1,ru,1719842752,unknown,production,,0,,,android,unknown,16d2a8aab2b04d18859fb6962755f48fc672f950,,,unknown,,,,UTC+0300
,ru,1719842753,unknown,,,,,,android,unknown,,,,unknown,,,,UTC+0000
,fr,1719842753,unknown,,,,,,android,unknown,,,,unknown,,,,UTC+0000
,ru,1719842754,unknown,,,,,,android,unknown,,,,unknown,,,,UTC+0000
,ru,1719842754,unknown,,,,,,android,unknown,,,,unknown,,,,UTC+0000
2.3.1,ru,1719842754,unknown,production,,0,,,android,unknown,aac10c581f59053b80c80ec384ee4e681c142783,,,unknown,,,,UTC+0300
240627199,ru,1719842755,unknown,production,,0,,,ios,unknown,04b696ff3a8a5fc10a16a21486d12606f81f7fcb,,,unknown,,,,UTC+0300
2.3.1,ru,1719842755,unknown,production,,0,,,android,unknown,90995e29182ce2ee1fa94f39813b7c6b6f0835f1,,,unknown,,,,UTC+0300
2.3.1,ua,1719842756,unknown,production,,0,,,android,unknown,848d2aef57a4f2d725b49608fe8a024e698c7045,,,unknown,,,,UTC+0300
2.3.1,ua,1719842756,unknown,production,,0,,,android,unknown,cc401e3d96836edbb59bd5e3490719405c4a89de,,,unknown,,,,UTC+0300
2.3.1,ua,1719842727,unknown,production,,1,,,android,mobile_app,6416967750f29094d064bc45a29dac77604082f8,,ua,unknown,,,,UTC+0300
,tr,1719842759,unknown,,,,,,ios,unknown,,,,unknown,,,,UTC+0000
,ru,1719842760,unknown,,,,,,android,unknown,,,,unknown,,,,UTC+0000
,br,1719842760,unknown,,,,,,android,unknown,,,,unknown,,,,UTC+0000
240627199,ru,1719842762,unknown,production,,1,,,ios,unknown,3b650d33deb7e4c67287897e9f407af3a88ac40e,,,unknown,,,,UTC+0300
2.3.1,ru,1719842746,unknown,production,,0,,,android,unknown,55a3cf3d700e2b1d4e3eae323f361f0b93cd9a5a,,,unknown,,,,UTC+0400
2.3.1,ru,1719842762,unknown,production,,0,,,android,unknown,55a3cf3d700e2b1d4e3eae323f361f0b93cd9a5a,,,unknown,,,,UTC+0400
,il,1719842764,unknown,,,,,,android,unknown,,,,unknown,,,,UTC+0000
2.3.1,ru,1719842765,unknown,production,,0,,,android,unknown,6962d07fbc2cdfc7f649ca26b20d44725bf9f194,,,unknown,,,,UTC+0300
,ru,1719842766,unknown,,,,,,android,unknown,,,,unknown,,,,UTC+0000
,il,1719842767,unknown,,,,,,android,unknown,,,,unknown,,,,UTC+0000
,ru,1719842768,unknown,,,,,,ios,unknown,,,,unknown,,,,UTC+0000
,ru,1719842768,unknown,,,,,,android,unknown,,,,unknown,,,,UTC+0000
,ua,1719842771,unknown,,,,,,android,unknown,,,,unknown,,,,UTC+0000
2.3.1,ua,1719842771,unknown,production,,0,,,android,unknown,848d2aef57a4f2d725b49608fe8a024e698c7045,,,unknown,,,,UTC+0300
,ru,1719842772,unknown,,,,,,android,unknown,,,,unknown,,,,UTC+0000
2.3.1,ru,1719842699,unknown,production,,0,,,android,unknown,ebf5cc458b6e749645fd6a1443c954a4726247e1,,,unknown,,,,UTC+0500
240627199,ru,1719842773,unknown,production,,0,,,ios,unknown,04b696ff3a8a5fc10a16a21486d12606f81f7fcb,,,unknown,,,,UTC+0300
,ro,1719842773,unknown,,,,,,android,unknown,,,,unknown,,,,UTC+0000
,br,1719842774,unknown,,,,,,android,unknown,,,,unknown,,,,UTC+0000
,bg,1719842776,unknown,,,,,,android,unknown,,,,unknown,,,,UTC+0000
2.3.1,ua,1719842776,unknown,production,,0,,,android,unknown,cc401e3d96836edbb59bd5e3490719405c4a89de,,,unknown,,,,UTC+0300
2.3.1,ru,1719842775,unknown,production,,0,,,android,unknown,ebf5cc458b6e749645fd6a1443c954a4726247e1,,,unknown,,,,UTC+0500
2.3.1,ru,1719842762,unknown,production,,0,,,android,unknown,6bae38a78066cbca7b78f5fa0d87c9f06ea65413,,,unknown,,,,UTC+0300
240627199,ru,1719842777,unknown,production,,1,,,ios,unknown,3b650d33deb7e4c67287897e9f407af3a88ac40e,,,unknown,,,,UTC+0300
2.3.1,ru,1719842778,unknown,production,,0,,,android,unknown,4ffb687c0f07edb96cc2ad5d0fbb9013efa4814d,,,unknown,,,,UTC+0600
,ru,1719842781,unknown,,,,,,android,unknown,,,,unknown,,,,UTC+0000
,es,1719842782,unknown,,,,,,android,unknown,,,,unknown,,,,UTC+0000
2.3.1,ru,1719842757,unknown,production,,0,,,android,unknown,16d2a8aab2b04d18859fb6962755f48fc672f950,,,unknown,,,,UTC+0300
,ru,1719842786,unknown,,,,,,android,unknown,,,,unknown,,,,UTC+0000
2.3.1,ru,1719842786,unknown,production,,0,,,android,unknown,6962d07fbc2cdfc7f649ca26b20d44725bf9f194,,,unknown,,,,UTC+0300
2.3.1,ua,1719842787,unknown,production,,0,,,android,unknown,848d2aef57a4f2d725b49608fe8a024e698c7045,,,unknown,,,,UTC+0300
,ru,1719842788,unknown,,,,,,android,unknown,,,,unknown,,,,UTC+0000
2.3.1,ru,1719842748,unknown,production,,0,,,android,unknown,8915408e8462e41fa05e70f22809de56973cee5e,,,unknown,,,,UTC+0300
240627199,ru,1719842789,unknown,production,,0,,,ios,unknown,04b696ff3a8a5fc10a16a21486d12606f81f7fcb,,,unknown,,,,UTC+0300
,ru,1719842790,unknown,,,,,,ios,unknown,,,,unknown,,,,UTC+0000
2.3.1,ru,1719842790,unknown,production,,0,,,android,unknown,55a3cf3d700e2b1d4e3eae323f361f0b93cd9a5a,,,unknown,,,,UTC+0400
2.3.1,ru,1719842791,unknown,production,,0,,,android,unknown,ebf5cc458b6e749645fd6a1443c954a4726247e1,,,unknown,,,,UTC+0500
2.3.1,ua,1719842791,unknown,production,,0,,,android,unknown,cc401e3d96836edbb59bd5e3490719405c4a89de,,,unknown,,,,UTC+0300
240627199,ru,1719842793,unknown,production,,1,,,ios,unknown,3b650d33deb7e4c67287897e9f407af3a88ac40e,,,unknown,,,,UTC+0300
2.3.1,ua,1719842748,unknown,production,,1,,,android,unknown,6416967750f29094d064bc45a29dac77604082f8,,,unknown,,,,UTC+0300
,us,1719842797,unknown,,,,,,android,unknown,,,,unknown,,,,UTC+0000
2.3.1,ru,1719842784,unknown,production,,0,,,android,unknown,6bae38a78066cbca7b78f5fa0d87c9f06ea65413,,,unknown,,,,UTC+0300
,ru,1719842801,unknown,,,,,,android,unknown,,,,unknown,,,,UTC+0000
,es,1719842802,unknown,,,,,,android,unknown,,,,unknown,,,,UTC+0000
2.3.1,ua,1719842801,unknown,production,,0,,,android,unknown,848d2aef57a4f2d725b49608fe8a024e698c7045,,,unknown,,,,UTC+0300
240627199,ru,1719842806,unknown,production,,0,,,ios,unknown,04b696ff3a8a5fc10a16a21486d12606f81f7fcb,,,unknown,,,,UTC+0300
2.3.1,ru,1719842807,unknown,production,,0,,,android,unknown,4ffb687c0f07edb96cc2ad5d0fbb9013efa4814d,,,unknown,,,,UTC+0600
,it,1719842807,unknown,,,,,,android,unknown,,,,unknown,,,,UTC+0000
,ru,1719842807,unknown,,,,,,android,unknown,,,,unknown,,,,UTC+0000
240627199,ru,1719842807,unknown,production,,0,,,ios,unknown,6206fa6dca13fe731b39c41a0a474538142c7a5c,,,unknown,,,,UTC+0300
2.3.1,ua,1719842778,unknown,production,,0,,,android,mobile_app,3b4db4900dc312dd81f0e311171a1e99c8849e32,,ua,unknown,,,,UTC+0300
,br,1719842812,unknown,,,,,,android,unknown,,,,unknown,,,,UTC+0000
2.3.1,ru,1719842812,unknown,production,,0,,,android,unknown,16d2a8aab2b04d18859fb6962755f48fc672f950,,,unknown,,,,UTC+0300
2.3.1,ua,1719842812,unknown,production,,0,,,android,unknown,82c96ac8b6a081d729fb81796c403f7eb1244c03,,,unknown,,,,UTC+0300
2.3.1,ua,1719842806,unknown,production,,0,,,android,unknown,cc401e3d96836edbb59bd5e3490719405c4a89de,,,unknown,,,,UTC+0300
240627199,ru,1719842808,unknown,production,,1,,,ios,unknown,3b650d33deb7e4c67287897e9f407af3a88ac40e,,,unknown,,,,UTC+0300
,ru,1719842815,unknown,,,,,,android,unknown,,,,unknown,,,,UTC+0000
240627199,ru,1719842815,unknown,production,,0,,,ios,unknown,6206fa6dca13fe731b39c41a0a474538142c7a5c,,,unknown,,,,UTC+0300
2.3.1,ua,1719842817,unknown,production,,0,,,android,unknown,848d2aef57a4f2d725b49608fe8a024e698c7045,,,unknown,,,,UTC+0300
,ro,1719842818,unknown,,,,,,android,unknown,,,,unknown,,,,UTC+0000
,de,1719842818,unknown,,,,,,android,unknown,,,,unknown,,,,UTC+0000
240627199,ru,1719842822,unknown,production,,0,,,ios,unknown,04b696ff3a8a5fc10a16a21486d12606f81f7fcb,,,unknown,,,,UTC+0300
,ru,1719842822,unknown,,,,,,ios,unknown,,,,unknown,,,,UTC+0000
,ru,1719842823,unknown,,,,,,android,unknown,,,,unknown,,,,UTC+0000
,de,1719842825,unknown,,,,,,android,unknown,,,,unknown,,,,UTC+0000
,es,1719842824,unknown,,,,,,android,unknown,,,,unknown,,,,UTC+0000
,ru,1719842825,unknown,,,,,,android,unknown,,,,unknown,,,,UTC+0000
2.3.1,ru,1719842794,unknown,production,,0,,,android,mobile_app,672e2679c00b6b8a34fbf011b39b8aff617231c2,,ru,unknown,,,,UTC+0400
240627199,ru,1719842827,unknown,production,,1,,,ios,unknown,3b650d33deb7e4c67287897e9f407af3a88ac40e,,,unknown,,,,UTC+0300
,ru,1719842829,unknown,,,,,,android,unknown,,,,unknown,,,,UTC+0000
240627199,ru,1719842832,unknown,production,,0,,,ios,unknown,6206fa6dca13fe731b39c41a0a474538142c7a5c,,,unknown,,,,UTC+0300
,il,1719842832,unknown,,,,,,android,unknown,,,,unknown,,,,UTC+0000
2.3.1,ua,1719842832,unknown,production,,0,,,android,unknown,848d2aef57a4f2d725b49608fe8a024e698c7045,,,unknown,,,,UTC+0300
,ru,1719842832,unknown,,,,,,ios,unknown,,,,unknown,,,,UTC+0000
,ru,1719842835,unknown,,,,,,android,unknown,,,,unknown,,,,UTC+0000
240627199,ru,1719842839,unknown,production,,0,,,ios,unknown,04b696ff3a8a5fc10a16a21486d12606f81f7fcb,,,unknown,,,,UTC+0300
,by,1719842839,unknown,,,,,,android,unknown,,,,unknown,,,,UTC+0000
2.3.1,ua,1719842838,unknown,production,,0,,,android,unknown,cc401e3d96836edbb59bd5e3490719405c4a89de,,,unknown,,,,UTC+0300
,ru,1719842840,unknown,,,,,,ios,unknown,,,,unknown,,,,UTC+0000
,ru,1719842838,unknown,,,,,,android,unknown,,,,unknown,,,,UTC+0000
,ru,1719842842,unknown,,,,,,android,unknown,,,,unknown,,,,UTC+0000
,ru,1719842842,unknown,,,,,,android,unknown,,,,unknown,,,,UTC+0000
,ru,1719842843,unknown,,,,,,android,unknown,,,,unknown,,,,UTC+0000
2.3.1,ru,1719842845,unknown,production,,0,,,android,unknown,6bae38a78066cbca7b78f5fa0d87c9f06ea65413,,,unknown,,,,UTC+0300
2.3.1,ru,1719842820,unknown,production,,0,,,android,unknown,8915408e8462e41fa05e70f22809de56973cee5e,,,unknown,,,,UTC+0300
,il,1719842845,unknown,,,,,,android,unknown,,,,unknown,,,,UTC+0000
240627199,ru,1719842847,unknown,production,,1,,,ios,unknown,3b650d33deb7e4c67287897e9f407af3a88ac40e,,,unknown,,,,UTC+0300
2.3.1,ua,1719842847,unknown,production,,0,,,android,unknown,848d2aef57a4f2d725b49608fe8a024e698c7045,,,unknown,,,,UTC+0300
,es,1719842849,unknown,,,,,,android,unknown,,,,unknown,,,,UTC+0000
2.3.1,ua,1719842852,unknown,production,,0,,,android,unknown,82c96ac8b6a081d729fb81796c403f7eb1244c03,,,unknown,,,,UTC+0300
,ru,1719842852,unknown,,,,,,android,unknown,,,,unknown,,,,UTC+0000
2.3.1,ru,1719842837,unknown,production,,0,,,android,unknown,4ffb687c0f07edb96cc2ad5d0fbb9013efa4814d,,,unknown,,,,UTC+0600
2.3.1,ru,1719842847,unknown,production,,0,,,android,unknown,8915408e8462e41fa05e70f22809de56973cee5e,,,unknown,,,,UTC+0300
2.3.1,ru,1719842855,unknown,production,,0,,,android,unknown,ebf5cc458b6e749645fd6a1443c954a4726247e1,,,unknown,,,,UTC+0500
240627199,ru,1719842853,unknown,production,,1,,,ios,unknown,3b650d33deb7e4c67287897e9f407af3a88ac40e,,,unknown,,,,UTC+0300
240627199,ru,1719842853,unknown,production,,0,,,ios,unknown,04b696ff3a8a5fc10a16a21486d12606f81f7fcb,,,unknown,,,,UTC+0300
2.3.1,ru,1719842856,unknown,production,,0,,,android,unknown,55a3cf3d700e2b1d4e3eae323f361f0b93cd9a5a,,,unknown,,,,UTC+0400
2.3.1,ru,1719842850,unknown,production,,0,,,android,unknown,4ffb687c0f07edb96cc2ad5d0fbb9013efa4814d,,,unknown,,,,UTC+0600
,lv,1719842856,unknown,,,,,,android,unknown,,,,unknown,,,,UTC+0000
,ru,1719842859,unknown,,,,,,android,unknown,,,,unknown,,,,UTC+0000
2.3.1,ua,1719842862,unknown,production,,0,,,android,unknown,848d2aef57a4f2d725b49608fe8a024e698c7045,,,unknown,,,,UTC+0300
,ru,1719842861,unknown,,,,,,android,unknown,,,,unknown,,,,UTC+0000
,ru,1719842859,unknown,,,,,,android,unknown,,,,unknown,,,,UTC+0000
,ru,1719842859,unknown,,,,,,android,unknown,,,,unknown,,,,UTC+0000
,es,1719842865,unknown,,,,,,android,unknown,,,,unknown,,,,UTC+0000
,ch,1719842872,unknown,,,,,,android,unknown,,,,unknown,,,,UTC+0000
,ru,1719842870,unknown,,,,,,android,unknown,,,,unknown,,,,UTC+0000
,it,1719842873,unknown,,,,,,android,unknown,,,,unknown,,,,UTC+0000
240627199,ru,1719842871,unknown,production,,0,,,ios,unknown,04b696ff3a8a5fc10a16a21486d12606f81f7fcb,,,unknown,,,,UTC+0300
,ru,1719842870,unknown,,,,,,android,unknown,,,,unknown,,,,UTC+0000
,ro,1719842871,unknown,,,,,,android,unknown,,,,unknown,,,,UTC+0000
,ru,1719842876,unknown,,,,,,android,unknown,,,,unknown,,,,UTC+0000
,ua,1719842877,unknown,,,,,,android,unknown,,,,unknown,,,,UTC+0000
,ru,1719842881,unknown,,,,,,android,unknown,,,,unknown,,,,UTC+0000
2.3.1,ru,1719842873,unknown,production,,0,,,android,unknown,ebf5cc458b6e749645fd6a1443c954a4726247e1,,,unknown,,,,UTC+0500
,pl,1719842882,unknown,,,,,,android,unknown,,,,unknown,,,,UTC+0000
2.3.1,ua,1719842847,unknown,production,,0,,,android,unknown,cc401e3d96836edbb59bd5e3490719405c4a89de,,,unknown,,,,UTC+0300
2.3.1,ru,1719842885,unknown,production,,0,,,android,unknown,8915408e8462e41fa05e70f22809de56973cee5e,,,unknown,,,,UTC+0300
